filename,filepath
0.jpg,images/0.jpg
1.jpg,images/1.jpg
2.jpg,images/2.jpg
3.jpg,images/3.jpg
4.jpg,images/4.jpg
5.jpg,images/5.jpg
6.jpg,images/6.jpg
7.jpg,images/7.jpg
8.jpg,images/8.jpg
9.jpg,images/9.jpg
10.jpg,images/10.jpg
11.jpg,images/11.jpg
12.jpg,images/12.jpg
13.jpg,images/13.jpg
14.jpg,images/14.jpg
15.jpg,images/15.jpg
16.jpg,images/16.jpg
17.jpg,images/17.jpg
18.jpg,images/18.jpg
19.jpg,images/19.jpg
20.jpg,images/20.jpg
21.jpg,images/21.jpg
22.jpg,images/22.jpg
23.jpg,images/23.jpg
24.jpg,images/24.jpg
25.jpg,images/25.jpg
26.jpg,images/26.jpg
27.jpg,images/27.jpg
28.jpg,images/28.jpg
29.jpg,images/29.jpg
30.jpg,images/30.jpg
31.jpg,images/31.jpg
32.jpg,images/32.jpg
33.jpg,images/33.jpg
34.jpg,images/34.jpg
35.jpg,images/35.jpg
36.jpg,images/36.jpg
37.jpg,images/37.jpg
38.jpg,images/38.jpg
39.jpg,images/39.jpg
40.jpg,images/40.jpg
41.jpg,images/41.jpg
42.jpg,images/42.jpg
43.jpg,images/43.jpg
44.jpg,images/44.jpg
45.jpg,images/45.jpg
46.jpg,images/46.jpg
47.jpg,images/47.jpg
48.jpg,images/48.jpg
49.jpg,images/49.jpg
50.jpg,images/50.jpg
51.jpg,images/51.jpg
52.jpg,images/52.jpg
53.jpg,images/53.jpg
54.jpg,images/54.jpg
55.jpg,images/55.jpg
56.jpg,images/56.jpg
57.jpg,images/57.jpg
58.jpg,images/58.jpg
59.jpg,images/59.jpg
60.jpg,images/60.jpg
61.jpg,images/61.jpg
62.jpg,images/62.jpg
63.jpg,images/63.jpg
64.jpg,images/64.jpg
65.jpg,images/65.jpg
66.jpg,images/66.jpg
67.jpg,images/67.jpg
68.jpg,images/68.jpg
69.jpg,images/69.jpg
70.jpg,images/70.jpg
71.jpg,images/71.jpg
72.jpg,images/72.jpg
73.jpg,images/73.jpg
74.jpg,images/74.jpg
75.jpg,images/75.jpg
76.jpg,images/76.jpg
77.jpg,images/77.jpg
78.jpg,images/78.jpg
79.jpg,images/79.jpg
80.jpg,images/80.jpg
81.jpg,images/81.jpg
82.jpg,images/82.jpg
83.jpg,images/83.jpg
84.jpg,images/84.jpg
85.jpg,images/85.jpg
86.jpg,images/86.jpg
87.jpg,images/87.jpg
88.jpg,images/88.jpg
89.jpg,images/89.jpg
90.jpg,images/90.jpg
91.jpg,images/91.jpg
92.jpg,images/92.jpg
93.jpg,images/93.jpg
94.jpg,images/94.jpg
95.jpg,images/95.jpg
96.jpg,images/96.jpg
97.jpg,images/97.jpg
98.jpg,images/98.jpg
99.jpg,images/99.jpg
100.jpg,images/100.jpg
101.jpg,images/101.jpg
102.jpg,images/102.jpg
103.jpg,images/103.jpg
104.jpg,images/104.jpg
105.jpg,images/105.jpg
106.jpg,images/106.jpg
107.jpg,images/107.jpg
108.jpg,images/108.jpg
109.jpg,images/109.jpg
110.jpg,images/110.jpg
111.jpg,images/111.jpg
112.jpg,images/112.jpg
113.jpg,images/113.jpg
114.jpg,images/114.jpg
115.jpg,images/115.jpg
116.jpg,images/116.jpg
117.jpg,images/117.jpg
118.jpg,images/118.jpg
119.jpg,images/119.jpg
120.jpg,images/120.jpg
121.jpg,images/121.jpg
122.jpg,images/122.jpg
123.jpg,images/123.jpg
124.jpg,images/124.jpg
125.jpg,images/125.jpg
126.jpg,images/126.jpg
127.jpg,images/127.jpg
128.jpg,images/128.jpg
129.jpg,images/129.jpg
130.jpg,images/130.jpg
131.jpg,images/131.jpg
132.jpg,images/132.jpg
133.jpg,images/133.jpg
134.jpg,images/134.jpg
135.jpg,images/135.jpg
136.jpg,images/136.jpg
137.jpg,images/137.jpg
138.jpg,images/138.jpg
139.jpg,images/139.jpg
140.jpg,images/140.jpg
141.jpg,images/141.jpg
142.jpg,images/142.jpg
143.jpg,images/143.jpg
144.jpg,images/144.jpg
145.jpg,images/145.jpg
146.jpg,images/146.jpg
147.jpg,images/147.jpg
148.jpg,images/148.jpg
149.jpg,images/149.jpg
150.jpg,images/150.jpg
151.jpg,images/151.jpg
152.jpg,images/152.jpg
153.jpg,images/153.jpg
154.jpg,images/154.jpg
155.jpg,images/155.jpg
156.jpg,images/156.jpg
157.jpg,images/157.jpg
158.jpg,images/158.jpg
159.jpg,images/159.jpg
160.jpg,images/160.jpg
161.jpg,images/161.jpg
162.jpg,images/162.jpg
163.jpg,images/163.jpg
164.jpg,images/164.jpg
165.jpg,images/165.jpg
166.jpg,images/166.jpg
167.jpg,images/167.jpg
168.jpg,images/168.jpg
169.jpg,images/169.jpg
170.jpg,images/170.jpg
171.jpg,images/171.jpg
172.jpg,images/172.jpg
173.jpg,images/173.jpg
174.jpg,images/174.jpg
175.jpg,images/175.jpg
176.jpg,images/176.jpg
177.jpg,images/177.jpg
178.jpg,images/178.jpg
179.jpg,images/179.jpg
180.jpg,images/180.jpg
181.jpg,images/181.jpg
182.jpg,images/182.jpg
183.jpg,images/183.jpg
184.jpg,images/184.jpg
185.jpg,images/185.jpg
186.jpg,images/186.jpg
187.jpg,images/187.jpg
188.jpg,images/188.jpg
189.jpg,images/189.jpg
190.jpg,images/190.jpg
191.jpg,images/191.jpg
192.jpg,images/192.jpg
193.jpg,images/193.jpg
194.jpg,images/194.jpg
195.jpg,images/195.jpg
196.jpg,images/196.jpg
197.jpg,images/197.jpg
198.jpg,images/198.jpg
199.jpg,images/199.jpg
200.jpg,images/200.jpg
201.jpg,images/201.jpg
202.jpg,images/202.jpg
203.jpg,images/203.jpg
204.jpg,images/204.jpg
205.jpg,images/205.jpg
206.jpg,images/206.jpg
207.jpg,images/207.jpg
208.jpg,images/208.jpg
209.jpg,images/209.jpg
210.jpg,images/210.jpg
211.jpg,images/211.jpg
212.jpg,images/212.jpg
213.jpg,images/213.jpg
214.jpg,images/214.jpg
215.jpg,images/215.jpg
216.jpg,images/216.jpg
217.jpg,images/217.jpg
218.jpg,images/218.jpg
219.jpg,images/219.jpg
220.jpg,images/220.jpg
221.jpg,images/221.jpg
222.jpg,images/222.jpg
223.jpg,images/223.jpg
224.jpg,images/224.jpg
225.jpg,images/225.jpg
226.jpg,images/226.jpg
227.jpg,images/227.jpg
228.jpg,images/228.jpg
229.jpg,images/229.jpg
230.jpg,images/230.jpg
231.jpg,images/231.jpg
232.jpg,images/232.jpg
233.jpg,images/233.jpg
234.jpg,images/234.jpg
235.jpg,images/235.jpg
236.jpg,images/236.jpg
237.jpg,images/237.jpg
238.jpg,images/238.jpg
239.jpg,images/239.jpg
240.jpg,images/240.jpg
241.jpg,images/241.jpg
242.jpg,images/242.jpg
243.jpg,images/243.jpg
244.jpg,images/244.jpg
245.jpg,images/245.jpg
246.jpg,images/246.jpg
247.jpg,images/247.jpg
248.jpg,images/248.jpg
249.jpg,images/249.jpg
250.jpg,images/250.jpg
251.jpg,images/251.jpg
252.jpg,images/252.jpg
253.jpg,images/253.jpg
254.jpg,images/254.jpg
255.jpg,images/255.jpg
256.jpg,images/256.jpg
257.jpg,images/257.jpg
258.jpg,images/258.jpg
259.jpg,images/259.jpg
260.jpg,images/260.jpg
261.jpg,images/261.jpg
262.jpg,images/262.jpg
263.jpg,images/263.jpg
264.jpg,images/264.jpg
265.jpg,images/265.jpg
266.jpg,images/266.jpg
267.jpg,images/267.jpg
268.jpg,images/268.jpg
269.jpg,images/269.jpg
270.jpg,images/270.jpg
271.jpg,images/271.jpg
272.jpg,images/272.jpg
273.jpg,images/273.jpg
274.jpg,images/274.jpg
275.jpg,images/275.jpg
276.jpg,images/276.jpg
277.jpg,images/277.jpg
278.jpg,images/278.jpg
279.jpg,images/279.jpg
280.jpg,images/280.jpg
281.jpg,images/281.jpg
282.jpg,images/282.jpg
283.jpg,images/283.jpg
284.jpg,images/284.jpg
285.jpg,images/285.jpg
286.jpg,images/286.jpg
287.jpg,images/287.jpg
288.jpg,images/288.jpg
289.jpg,images/289.jpg
290.jpg,images/290.jpg
291.jpg,images/291.jpg
292.jpg,images/292.jpg
293.jpg,images/293.jpg
294.jpg,images/294.jpg
295.jpg,images/295.jpg
296.jpg,images/296.jpg
297.jpg,images/297.jpg
298.jpg,images/298.jpg
299.jpg,images/299.jpg
300.jpg,images/300.jpg
301.jpg,images/301.jpg
302.jpg,images/302.jpg
303.jpg,images/303.jpg
304.jpg,images/304.jpg
305.jpg,images/305.jpg
306.jpg,images/306.jpg
307.jpg,images/307.jpg
308.jpg,images/308.jpg
309.jpg,images/309.jpg
310.jpg,images/310.jpg
311.jpg,images/311.jpg
312.jpg,images/312.jpg
313.jpg,images/313.jpg
314.jpg,images/314.jpg
315.jpg,images/315.jpg
316.jpg,images/316.jpg
317.jpg,images/317.jpg
318.jpg,images/318.jpg
319.jpg,images/319.jpg
320.jpg,images/320.jpg
321.jpg,images/321.jpg
322.jpg,images/322.jpg
323.jpg,images/323.jpg
324.jpg,images/324.jpg
325.jpg,images/325.jpg
326.jpg,images/326.jpg
327.jpg,images/327.jpg
328.jpg,images/328.jpg
329.jpg,images/329.jpg
330.jpg,images/330.jpg
331.jpg,images/331.jpg
332.jpg,images/332.jpg
333.jpg,images/333.jpg
334.jpg,images/334.jpg
335.jpg,images/335.jpg
336.jpg,images/336.jpg
337.jpg,images/337.jpg
338.jpg,images/338.jpg
339.jpg,images/339.jpg
340.jpg,images/340.jpg
341.jpg,images/341.jpg
342.jpg,images/342.jpg
343.jpg,images/343.jpg
344.jpg,images/344.jpg
345.jpg,images/345.jpg
346.jpg,images/346.jpg
347.jpg,images/347.jpg
348.jpg,images/348.jpg
349.jpg,images/349.jpg
350.jpg,images/350.jpg
351.jpg,images/351.jpg
352.jpg,images/352.jpg
353.jpg,images/353.jpg
354.jpg,images/354.jpg
355.jpg,images/355.jpg
356.jpg,images/356.jpg
357.jpg,images/357.jpg
358.jpg,images/358.jpg
359.jpg,images/359.jpg
360.jpg,images/360.jpg
361.jpg,images/361.jpg
362.jpg,images/362.jpg
363.jpg,images/363.jpg
364.jpg,images/364.jpg
365.jpg,images/365.jpg
366.jpg,images/366.jpg
367.jpg,images/367.jpg
368.jpg,images/368.jpg
369.jpg,images/369.jpg
370.jpg,images/370.jpg
371.jpg,images/371.jpg
372.jpg,images/372.jpg
373.jpg,images/373.jpg
374.jpg,images/374.jpg
375.jpg,images/375.jpg
376.jpg,images/376.jpg
377.jpg,images/377.jpg
378.jpg,images/378.jpg
379.jpg,images/379.jpg
380.jpg,images/380.jpg
381.jpg,images/381.jpg
382.jpg,images/382.jpg
383.jpg,images/383.jpg
384.jpg,images/384.jpg
385.jpg,images/385.jpg
386.jpg,images/386.jpg
387.jpg,images/387.jpg
388.jpg,images/388.jpg
389.jpg,images/389.jpg
390.jpg,images/390.jpg
391.jpg,images/391.jpg
392.jpg,images/392.jpg
393.jpg,images/393.jpg
394.jpg,images/394.jpg
395.jpg,images/395.jpg
396.jpg,images/396.jpg
397.jpg,images/397.jpg
398.jpg,images/398.jpg
399.jpg,images/399.jpg
400.jpg,images/400.jpg
401.jpg,images/401.jpg
402.jpg,images/402.jpg
403.jpg,images/403.jpg
404.jpg,images/404.jpg
405.jpg,images/405.jpg
406.jpg,images/406.jpg
407.jpg,images/407.jpg
408.jpg,images/408.jpg
409.jpg,images/409.jpg
410.jpg,images/410.jpg
411.jpg,images/411.jpg
412.jpg,images/412.jpg
413.jpg,images/413.jpg
414.jpg,images/414.jpg
415.jpg,images/415.jpg
416.jpg,images/416.jpg
417.jpg,images/417.jpg
418.jpg,images/418.jpg
419.jpg,images/419.jpg
420.jpg,images/420.jpg
421.jpg,images/421.jpg
422.jpg,images/422.jpg
423.jpg,images/423.jpg
424.jpg,images/424.jpg
425.jpg,images/425.jpg
426.jpg,images/426.jpg
427.jpg,images/427.jpg
428.jpg,images/428.jpg
429.jpg,images/429.jpg
430.jpg,images/430.jpg
431.jpg,images/431.jpg
432.jpg,images/432.jpg
433.jpg,images/433.jpg
434.jpg,images/434.jpg
435.jpg,images/435.jpg
436.jpg,images/436.jpg
437.jpg,images/437.jpg
438.jpg,images/438.jpg
439.jpg,images/439.jpg
440.jpg,images/440.jpg
441.jpg,images/441.jpg
442.jpg,images/442.jpg
443.jpg,images/443.jpg
444.jpg,images/444.jpg
445.jpg,images/445.jpg
446.jpg,images/446.jpg
447.jpg,images/447.jpg
448.jpg,images/448.jpg
449.jpg,images/449.jpg
450.jpg,images/450.jpg
451.jpg,images/451.jpg
452.jpg,images/452.jpg
453.jpg,images/453.jpg
454.jpg,images/454.jpg
455.jpg,images/455.jpg
456.jpg,images/456.jpg
457.jpg,images/457.jpg
458.jpg,images/458.jpg
459.jpg,images/459.jpg
460.jpg,images/460.jpg
461.jpg,images/461.jpg
462.jpg,images/462.jpg
463.jpg,images/463.jpg
464.jpg,images/464.jpg
465.jpg,images/465.jpg
466.jpg,images/466.jpg
467.jpg,images/467.jpg
468.jpg,images/468.jpg
469.jpg,images/469.jpg
470.jpg,images/470.jpg
471.jpg,images/471.jpg
472.jpg,images/472.jpg
473.jpg,images/473.jpg
474.jpg,images/474.jpg
475.jpg,images/475.jpg
476.jpg,images/476.jpg
477.jpg,images/477.jpg
478.jpg,images/478.jpg
479.jpg,images/479.jpg
480.jpg,images/480.jpg
481.jpg,images/481.jpg
482.jpg,images/482.jpg
483.jpg,images/483.jpg
484.jpg,images/484.jpg
485.jpg,images/485.jpg
486.jpg,images/486.jpg
487.jpg,images/487.jpg
488.jpg,images/488.jpg
489.jpg,images/489.jpg
490.jpg,images/490.jpg
491.jpg,images/491.jpg
492.jpg,images/492.jpg
493.jpg,images/493.jpg
494.jpg,images/494.jpg
495.jpg,images/495.jpg
496.jpg,images/496.jpg
497.jpg,images/497.jpg
498.jpg,images/498.jpg
499.jpg,images/499.jpg
500.jpg,images/500.jpg
501.jpg,images/501.jpg
502.jpg,images/502.jpg
503.jpg,images/503.jpg
504.jpg,images/504.jpg
505.jpg,images/505.jpg
506.jpg,images/506.jpg
507.jpg,images/507.jpg
508.jpg,images/508.jpg
509.jpg,images/509.jpg
510.jpg,images/510.jpg
511.jpg,images/511.jpg
512.jpg,images/512.jpg
513.jpg,images/513.jpg
514.jpg,images/514.jpg
515.jpg,images/515.jpg
516.jpg,images/516.jpg
517.jpg,images/517.jpg
518.jpg,images/518.jpg
519.jpg,images/519.jpg
520.jpg,images/520.jpg
521.jpg,images/521.jpg
522.jpg,images/522.jpg
523.jpg,images/523.jpg
524.jpg,images/524.jpg
525.jpg,images/525.jpg
526.jpg,images/526.jpg
527.jpg,images/527.jpg
528.jpg,images/528.jpg
529.jpg,images/529.jpg
530.jpg,images/530.jpg
531.jpg,images/531.jpg
532.jpg,images/532.jpg
533.jpg,images/533.jpg
534.jpg,images/534.jpg
535.jpg,images/535.jpg
536.jpg,images/536.jpg
537.jpg,images/537.jpg
538.jpg,images/538.jpg
539.jpg,images/539.jpg
540.jpg,images/540.jpg
541.jpg,images/541.jpg
542.jpg,images/542.jpg
543.jpg,images/543.jpg
544.jpg,images/544.jpg
545.jpg,images/545.jpg
546.jpg,images/546.jpg
547.jpg,images/547.jpg
548.jpg,images/548.jpg
549.jpg,images/549.jpg
550.jpg,images/550.jpg
551.jpg,images/551.jpg
552.jpg,images/552.jpg
553.jpg,images/553.jpg
554.jpg,images/554.jpg
555.jpg,images/555.jpg
556.jpg,images/556.jpg
557.jpg,images/557.jpg
558.jpg,images/558.jpg
559.jpg,images/559.jpg
560.jpg,images/560.jpg
561.jpg,images/561.jpg
562.jpg,images/562.jpg
563.jpg,images/563.jpg
564.jpg,images/564.jpg
565.jpg,images/565.jpg
566.jpg,images/566.jpg
567.jpg,images/567.jpg
568.jpg,images/568.jpg
569.jpg,images/569.jpg
570.jpg,images/570.jpg
571.jpg,images/571.jpg
572.jpg,images/572.jpg
573.jpg,images/573.jpg
574.jpg,images/574.jpg
575.jpg,images/575.jpg
576.jpg,images/576.jpg
577.jpg,images/577.jpg
578.jpg,images/578.jpg
579.jpg,images/579.jpg
580.jpg,images/580.jpg
581.jpg,images/581.jpg
582.jpg,images/582.jpg
583.jpg,images/583.jpg
584.jpg,images/584.jpg
585.jpg,images/585.jpg
586.jpg,images/586.jpg
587.jpg,images/587.jpg
588.jpg,images/588.jpg
589.jpg,images/589.jpg
590.jpg,images/590.jpg
591.jpg,images/591.jpg
592.jpg,images/592.jpg
593.jpg,images/593.jpg
594.jpg,images/594.jpg
595.jpg,images/595.jpg
596.jpg,images/596.jpg
597.jpg,images/597.jpg
598.jpg,images/598.jpg
599.jpg,images/599.jpg
600.jpg,images/600.jpg
601.jpg,images/601.jpg
602.jpg,images/602.jpg
603.jpg,images/603.jpg
604.jpg,images/604.jpg
605.jpg,images/605.jpg
606.jpg,images/606.jpg
607.jpg,images/607.jpg
608.jpg,images/608.jpg
609.jpg,images/609.jpg
610.jpg,images/610.jpg
611.jpg,images/611.jpg
612.jpg,images/612.jpg
613.jpg,images/613.jpg
614.jpg,images/614.jpg
615.jpg,images/615.jpg
616.jpg,images/616.jpg
617.jpg,images/617.jpg
618.jpg,images/618.jpg
619.jpg,images/619.jpg
620.jpg,images/620.jpg
621.jpg,images/621.jpg
622.jpg,images/622.jpg
623.jpg,images/623.jpg
624.jpg,images/624.jpg
625.jpg,images/625.jpg
626.jpg,images/626.jpg
627.jpg,images/627.jpg
628.jpg,images/628.jpg
629.jpg,images/629.jpg
630.jpg,images/630.jpg
631.jpg,images/631.jpg
632.jpg,images/632.jpg
633.jpg,images/633.jpg
634.jpg,images/634.jpg
635.jpg,images/635.jpg
636.jpg,images/636.jpg
637.jpg,images/637.jpg
638.jpg,images/638.jpg
639.jpg,images/639.jpg
640.jpg,images/640.jpg
641.jpg,images/641.jpg
642.jpg,images/642.jpg
643.jpg,images/643.jpg
644.jpg,images/644.jpg
645.jpg,images/645.jpg
646.jpg,images/646.jpg
647.jpg,images/647.jpg
648.jpg,images/648.jpg
649.jpg,images/649.jpg
650.jpg,images/650.jpg
651.jpg,images/651.jpg
652.jpg,images/652.jpg
653.jpg,images/653.jpg
654.jpg,images/654.jpg
655.jpg,images/655.jpg
656.jpg,images/656.jpg
657.jpg,images/657.jpg
658.jpg,images/658.jpg
659.jpg,images/659.jpg
660.jpg,images/660.jpg
661.jpg,images/661.jpg
662.jpg,images/662.jpg
663.jpg,images/663.jpg
664.jpg,images/664.jpg
665.jpg,images/665.jpg
666.jpg,images/666.jpg
667.jpg,images/667.jpg
668.jpg,images/668.jpg
669.jpg,images/669.jpg
670.jpg,images/670.jpg
671.jpg,images/671.jpg
672.jpg,images/672.jpg
673.jpg,images/673.jpg
674.jpg,images/674.jpg
675.jpg,images/675.jpg
676.jpg,images/676.jpg
677.jpg,images/677.jpg
678.jpg,images/678.jpg
679.jpg,images/679.jpg
680.jpg,images/680.jpg
681.jpg,images/681.jpg
682.jpg,images/682.jpg
683.jpg,images/683.jpg
684.jpg,images/684.jpg
685.jpg,images/685.jpg
686.jpg,images/686.jpg
687.jpg,images/687.jpg
688.jpg,images/688.jpg
689.jpg,images/689.jpg
690.jpg,images/690.jpg
691.jpg,images/691.jpg
692.jpg,images/692.jpg
693.jpg,images/693.jpg
694.jpg,images/694.jpg
695.jpg,images/695.jpg
696.jpg,images/696.jpg
697.jpg,images/697.jpg
698.jpg,images/698.jpg
699.jpg,images/699.jpg
700.jpg,images/700.jpg
701.jpg,images/701.jpg
702.jpg,images/702.jpg
703.jpg,images/703.jpg
704.jpg,images/704.jpg
705.jpg,images/705.jpg
706.jpg,images/706.jpg
707.jpg,images/707.jpg
708.jpg,images/708.jpg
709.jpg,images/709.jpg
710.jpg,images/710.jpg
711.jpg,images/711.jpg
712.jpg,images/712.jpg
713.jpg,images/713.jpg
714.jpg,images/714.jpg
715.jpg,images/715.jpg
716.jpg,images/716.jpg
717.jpg,images/717.jpg
718.jpg,images/718.jpg
719.jpg,images/719.jpg
720.jpg,images/720.jpg
721.jpg,images/721.jpg
722.jpg,images/722.jpg
723.jpg,images/723.jpg
724.jpg,images/724.jpg
725.jpg,images/725.jpg
726.jpg,images/726.jpg
727.jpg,images/727.jpg
728.jpg,images/728.jpg
729.jpg,images/729.jpg
730.jpg,images/730.jpg
731.jpg,images/731.jpg
732.jpg,images/732.jpg
733.jpg,images/733.jpg
734.jpg,images/734.jpg
735.jpg,images/735.jpg
736.jpg,images/736.jpg
737.jpg,images/737.jpg
738.jpg,images/738.jpg
739.jpg,images/739.jpg
740.jpg,images/740.jpg
741.jpg,images/741.jpg
742.jpg,images/742.jpg
743.jpg,images/743.jpg
744.jpg,images/744.jpg
745.jpg,images/745.jpg
746.jpg,images/746.jpg
747.jpg,images/747.jpg
748.jpg,images/748.jpg
749.jpg,images/749.jpg
750.jpg,images/750.jpg
751.jpg,images/751.jpg
752.jpg,images/752.jpg
753.jpg,images/753.jpg
754.jpg,images/754.jpg
755.jpg,images/755.jpg
756.jpg,images/756.jpg
757.jpg,images/757.jpg
758.jpg,images/758.jpg
759.jpg,images/759.jpg
760.jpg,images/760.jpg
761.jpg,images/761.jpg
762.jpg,images/762.jpg
763.jpg,images/763.jpg
764.jpg,images/764.jpg
765.jpg,images/765.jpg
766.jpg,images/766.jpg
767.jpg,images/767.jpg
768.jpg,images/768.jpg
769.jpg,images/769.jpg
770.jpg,images/770.jpg
771.jpg,images/771.jpg
772.jpg,images/772.jpg
773.jpg,images/773.jpg
774.jpg,images/774.jpg
775.jpg,images/775.jpg
776.jpg,images/776.jpg
777.jpg,images/777.jpg
778.jpg,images/778.jpg
779.jpg,images/779.jpg
780.jpg,images/780.jpg
781.jpg,images/781.jpg
782.jpg,images/782.jpg
783.jpg,images/783.jpg
784.jpg,images/784.jpg
785.jpg,images/785.jpg
786.jpg,images/786.jpg
787.jpg,images/787.jpg
788.jpg,images/788.jpg
789.jpg,images/789.jpg
790.jpg,images/790.jpg
791.jpg,images/791.jpg
792.jpg,images/792.jpg
793.jpg,images/793.jpg
794.jpg,images/794.jpg
795.jpg,images/795.jpg
796.jpg,images/796.jpg
797.jpg,images/797.jpg
798.jpg,images/798.jpg
799.jpg,images/799.jpg
800.jpg,images/800.jpg
801.jpg,images/801.jpg
802.jpg,images/802.jpg
803.jpg,images/803.jpg
804.jpg,images/804.jpg
805.jpg,images/805.jpg
806.jpg,images/806.jpg
807.jpg,images/807.jpg
808.jpg,images/808.jpg
809.jpg,images/809.jpg
810.jpg,images/810.jpg
811.jpg,images/811.jpg
812.jpg,images/812.jpg
813.jpg,images/813.jpg
814.jpg,images/814.jpg
815.jpg,images/815.jpg
816.jpg,images/816.jpg
817.jpg,images/817.jpg
818.jpg,images/818.jpg
819.jpg,images/819.jpg
820.jpg,images/820.jpg
821.jpg,images/821.jpg
822.jpg,images/822.jpg
823.jpg,images/823.jpg
824.jpg,images/824.jpg
825.jpg,images/825.jpg
826.jpg,images/826.jpg
827.jpg,images/827.jpg
828.jpg,images/828.jpg
829.jpg,images/829.jpg
830.jpg,images/830.jpg
831.jpg,images/831.jpg
832.jpg,images/832.jpg
833.jpg,images/833.jpg
834.jpg,images/834.jpg
835.jpg,images/835.jpg
836.jpg,images/836.jpg
837.jpg,images/837.jpg
838.jpg,images/838.jpg
839.jpg,images/839.jpg
840.jpg,images/840.jpg
841.jpg,images/841.jpg
842.jpg,images/842.jpg
843.jpg,images/843.jpg
844.jpg,images/844.jpg
845.jpg,images/845.jpg
846.jpg,images/846.jpg
847.jpg,images/847.jpg
848.jpg,images/848.jpg
849.jpg,images/849.jpg
850.jpg,images/850.jpg
851.jpg,images/851.jpg
852.jpg,images/852.jpg
853.jpg,images/853.jpg
854.jpg,images/854.jpg
855.jpg,images/855.jpg
856.jpg,images/856.jpg
857.jpg,images/857.jpg
858.jpg,images/858.jpg
859.jpg,images/859.jpg
860.jpg,images/860.jpg
861.jpg,images/861.jpg
862.jpg,images/862.jpg
863.jpg,images/863.jpg
864.jpg,images/864.jpg
865.jpg,images/865.jpg
866.jpg,images/866.jpg
867.jpg,images/867.jpg
868.jpg,images/868.jpg
869.jpg,images/869.jpg
870.jpg,images/870.jpg
871.jpg,images/871.jpg
872.jpg,images/872.jpg
873.jpg,images/873.jpg
874.jpg,images/874.jpg
875.jpg,images/875.jpg
876.jpg,images/876.jpg
877.jpg,images/877.jpg
878.jpg,images/878.jpg
879.jpg,images/879.jpg
880.jpg,images/880.jpg
881.jpg,images/881.jpg
882.jpg,images/882.jpg
883.jpg,images/883.jpg
884.jpg,images/884.jpg
885.jpg,images/885.jpg
886.jpg,images/886.jpg
887.jpg,images/887.jpg
888.jpg,images/888.jpg
889.jpg,images/889.jpg
890.jpg,images/890.jpg
891.jpg,images/891.jpg
892.jpg,images/892.jpg
893.jpg,images/893.jpg
894.jpg,images/894.jpg
895.jpg,images/895.jpg
896.jpg,images/896.jpg
897.jpg,images/897.jpg
898.jpg,images/898.jpg
899.jpg,images/899.jpg
900.jpg,images/900.jpg
901.jpg,images/901.jpg
902.jpg,images/902.jpg
903.jpg,images/903.jpg
904.jpg,images/904.jpg
905.jpg,images/905.jpg
906.jpg,images/906.jpg
907.jpg,images/907.jpg
908.jpg,images/908.jpg
909.jpg,images/909.jpg
910.jpg,images/910.jpg
911.jpg,images/911.jpg
912.jpg,images/912.jpg
913.jpg,images/913.jpg
914.jpg,images/914.jpg
915.jpg,images/915.jpg
916.jpg,images/916.jpg
917.jpg,images/917.jpg
918.jpg,images/918.jpg
919.jpg,images/919.jpg
920.jpg,images/920.jpg
921.jpg,images/921.jpg
922.jpg,images/922.jpg
923.jpg,images/923.jpg
924.jpg,images/924.jpg
925.jpg,images/925.jpg
926.jpg,images/926.jpg
927.jpg,images/927.jpg
928.jpg,images/928.jpg
929.jpg,images/929.jpg
930.jpg,images/930.jpg
931.jpg,images/931.jpg
932.jpg,images/932.jpg
933.jpg,images/933.jpg
934.jpg,images/934.jpg
935.jpg,images/935.jpg
936.jpg,images/936.jpg
937.jpg,images/937.jpg
938.jpg,images/938.jpg
939.jpg,images/939.jpg
940.jpg,images/940.jpg
941.jpg,images/941.jpg
942.jpg,images/942.jpg
943.jpg,images/943.jpg
944.jpg,images/944.jpg
945.jpg,images/945.jpg
946.jpg,images/946.jpg
947.jpg,images/947.jpg
948.jpg,images/948.jpg
949.jpg,images/949.jpg
950.jpg,images/950.jpg
951.jpg,images/951.jpg
952.jpg,images/952.jpg
953.jpg,images/953.jpg
954.jpg,images/954.jpg
955.jpg,images/955.jpg
956.jpg,images/956.jpg
957.jpg,images/957.jpg
958.jpg,images/958.jpg
959.jpg,images/959.jpg
960.jpg,images/960.jpg
961.jpg,images/961.jpg
962.jpg,images/962.jpg
963.jpg,images/963.jpg
964.jpg,images/964.jpg
965.jpg,images/965.jpg
966.jpg,images/966.jpg
967.jpg,images/967.jpg
968.jpg,images/968.jpg
969.jpg,images/969.jpg
970.jpg,images/970.jpg
971.jpg,images/971.jpg
972.jpg,images/972.jpg
973.jpg,images/973.jpg
974.jpg,images/974.jpg
975.jpg,images/975.jpg
976.jpg,images/976.jpg
977.jpg,images/977.jpg
978.jpg,images/978.jpg
979.jpg,images/979.jpg
980.jpg,images/980.jpg
981.jpg,images/981.jpg
982.jpg,images/982.jpg
983.jpg,images/983.jpg
984.jpg,images/984.jpg
985.jpg,images/985.jpg
986.jpg,images/986.jpg
987.jpg,images/987.jpg
988.jpg,images/988.jpg
989.jpg,images/989.jpg
990.jpg,images/990.jpg
991.jpg,images/991.jpg
992.jpg,images/992.jpg
993.jpg,images/993.jpg
994.jpg,images/994.jpg
995.jpg,images/995.jpg
996.jpg,images/996.jpg
997.jpg,images/997.jpg
998.jpg,images/998.jpg
999.jpg,images/999.jpg
1000.jpg,images/1000.jpg
1001.jpg,images/1001.jpg
1002.jpg,images/1002.jpg
1003.jpg,images/1003.jpg
1004.jpg,images/1004.jpg
1005.jpg,images/1005.jpg
1006.jpg,images/1006.jpg
1007.jpg,images/1007.jpg
1008.jpg,images/1008.jpg
1009.jpg,images/1009.jpg
1010.jpg,images/1010.jpg
1011.jpg,images/1011.jpg
1012.jpg,images/1012.jpg
1013.jpg,images/1013.jpg
1014.jpg,images/1014.jpg
1015.jpg,images/1015.jpg
1016.jpg,images/1016.jpg
1017.jpg,images/1017.jpg
1018.jpg,images/1018.jpg
1019.jpg,images/1019.jpg
1020.jpg,images/1020.jpg
1021.jpg,images/1021.jpg
1022.jpg,images/1022.jpg
1023.jpg,images/1023.jpg
1024.jpg,images/1024.jpg
1025.jpg,images/1025.jpg
1026.jpg,images/1026.jpg
1027.jpg,images/1027.jpg
1028.jpg,images/1028.jpg
1029.jpg,images/1029.jpg
1030.jpg,images/1030.jpg
1031.jpg,images/1031.jpg
1032.jpg,images/1032.jpg
1033.jpg,images/1033.jpg
1034.jpg,images/1034.jpg
1035.jpg,images/1035.jpg
1036.jpg,images/1036.jpg
1037.jpg,images/1037.jpg
1038.jpg,images/1038.jpg
1039.jpg,images/1039.jpg
1040.jpg,images/1040.jpg
1041.jpg,images/1041.jpg
1042.jpg,images/1042.jpg
1043.jpg,images/1043.jpg
1044.jpg,images/1044.jpg
1045.jpg,images/1045.jpg
1046.jpg,images/1046.jpg
1047.jpg,images/1047.jpg
1048.jpg,images/1048.jpg
1049.jpg,images/1049.jpg
1050.jpg,images/1050.jpg
1051.jpg,images/1051.jpg
1052.jpg,images/1052.jpg
1053.jpg,images/1053.jpg
1054.jpg,images/1054.jpg
1055.jpg,images/1055.jpg
1056.jpg,images/1056.jpg
1057.jpg,images/1057.jpg
1058.jpg,images/1058.jpg
1059.jpg,images/1059.jpg
1060.jpg,images/1060.jpg
1061.jpg,images/1061.jpg
1062.jpg,images/1062.jpg
1063.jpg,images/1063.jpg
1064.jpg,images/1064.jpg
1065.jpg,images/1065.jpg
1066.jpg,images/1066.jpg
1067.jpg,images/1067.jpg
1068.jpg,images/1068.jpg
1069.jpg,images/1069.jpg
1070.jpg,images/1070.jpg
1071.jpg,images/1071.jpg
1072.jpg,images/1072.jpg
1073.jpg,images/1073.jpg
1074.jpg,images/1074.jpg
1075.jpg,images/1075.jpg
1076.jpg,images/1076.jpg
1077.jpg,images/1077.jpg
1078.jpg,images/1078.jpg
1079.jpg,images/1079.jpg
1080.jpg,images/1080.jpg
1081.jpg,images/1081.jpg
1082.jpg,images/1082.jpg
1083.jpg,images/1083.jpg
1084.jpg,images/1084.jpg
1085.jpg,images/1085.jpg
1086.jpg,images/1086.jpg
1087.jpg,images/1087.jpg
1088.jpg,images/1088.jpg
1089.jpg,images/1089.jpg
1090.jpg,images/1090.jpg
1091.jpg,images/1091.jpg
1092.jpg,images/1092.jpg
1093.jpg,images/1093.jpg
1094.jpg,images/1094.jpg
1095.jpg,images/1095.jpg
1096.jpg,images/1096.jpg
1097.jpg,images/1097.jpg
1098.jpg,images/1098.jpg
1099.jpg,images/1099.jpg
1100.jpg,images/1100.jpg
1101.jpg,images/1101.jpg
1102.jpg,images/1102.jpg
1103.jpg,images/1103.jpg
1104.jpg,images/1104.jpg
1105.jpg,images/1105.jpg
1106.jpg,images/1106.jpg
1107.jpg,images/1107.jpg
1108.jpg,images/1108.jpg
1109.jpg,images/1109.jpg
1110.jpg,images/1110.jpg
1111.jpg,images/1111.jpg
1112.jpg,images/1112.jpg
1113.jpg,images/1113.jpg
1114.jpg,images/1114.jpg
1115.jpg,images/1115.jpg
1116.jpg,images/1116.jpg
1117.jpg,images/1117.jpg
1118.jpg,images/1118.jpg
1119.jpg,images/1119.jpg
1120.jpg,images/1120.jpg
1121.jpg,images/1121.jpg
1122.jpg,images/1122.jpg
1123.jpg,images/1123.jpg
1124.jpg,images/1124.jpg
1125.jpg,images/1125.jpg
1126.jpg,images/1126.jpg
1127.jpg,images/1127.jpg
1128.jpg,images/1128.jpg
1129.jpg,images/1129.jpg
1130.jpg,images/1130.jpg
1131.jpg,images/1131.jpg
1132.jpg,images/1132.jpg
1133.jpg,images/1133.jpg
1134.jpg,images/1134.jpg
1135.jpg,images/1135.jpg
1136.jpg,images/1136.jpg
1137.jpg,images/1137.jpg
1138.jpg,images/1138.jpg
1139.jpg,images/1139.jpg
1140.jpg,images/1140.jpg
1141.jpg,images/1141.jpg
1142.jpg,images/1142.jpg
1143.jpg,images/1143.jpg
1144.jpg,images/1144.jpg
1145.jpg,images/1145.jpg
1146.jpg,images/1146.jpg
1147.jpg,images/1147.jpg
1148.jpg,images/1148.jpg
1149.jpg,images/1149.jpg
1150.jpg,images/1150.jpg
1151.jpg,images/1151.jpg
1152.jpg,images/1152.jpg
1153.jpg,images/1153.jpg
1154.jpg,images/1154.jpg
1155.jpg,images/1155.jpg
1156.jpg,images/1156.jpg
1157.jpg,images/1157.jpg
1158.jpg,images/1158.jpg
1159.jpg,images/1159.jpg
1160.jpg,images/1160.jpg
1161.jpg,images/1161.jpg
1162.jpg,images/1162.jpg
1163.jpg,images/1163.jpg
1164.jpg,images/1164.jpg
1165.jpg,images/1165.jpg
1166.jpg,images/1166.jpg
1167.jpg,images/1167.jpg
1168.jpg,images/1168.jpg
1169.jpg,images/1169.jpg
1170.jpg,images/1170.jpg
1171.jpg,images/1171.jpg
1172.jpg,images/1172.jpg
1173.jpg,images/1173.jpg
1174.jpg,images/1174.jpg
1175.jpg,images/1175.jpg
1176.jpg,images/1176.jpg
1177.jpg,images/1177.jpg
1178.jpg,images/1178.jpg
1179.jpg,images/1179.jpg
1180.jpg,images/1180.jpg
1181.jpg,images/1181.jpg
1182.jpg,images/1182.jpg
1183.jpg,images/1183.jpg
1184.jpg,images/1184.jpg
1185.jpg,images/1185.jpg
1186.jpg,images/1186.jpg
1187.jpg,images/1187.jpg
1188.jpg,images/1188.jpg
1189.jpg,images/1189.jpg
1190.jpg,images/1190.jpg
1191.jpg,images/1191.jpg
1192.jpg,images/1192.jpg
1193.jpg,images/1193.jpg
1194.jpg,images/1194.jpg
1195.jpg,images/1195.jpg
1196.jpg,images/1196.jpg
1197.jpg,images/1197.jpg
1198.jpg,images/1198.jpg
1199.jpg,images/1199.jpg
1200.jpg,images/1200.jpg
1201.jpg,images/1201.jpg
1202.jpg,images/1202.jpg
1203.jpg,images/1203.jpg
1204.jpg,images/1204.jpg
1205.jpg,images/1205.jpg
1206.jpg,images/1206.jpg
1207.jpg,images/1207.jpg
1208.jpg,images/1208.jpg
1209.jpg,images/1209.jpg
1210.jpg,images/1210.jpg
1211.jpg,images/1211.jpg
1212.jpg,images/1212.jpg
1213.jpg,images/1213.jpg
1214.jpg,images/1214.jpg
1215.jpg,images/1215.jpg
1216.jpg,images/1216.jpg
1217.jpg,images/1217.jpg
1218.jpg,images/1218.jpg
1219.jpg,images/1219.jpg
1220.jpg,images/1220.jpg
1221.jpg,images/1221.jpg
1222.jpg,images/1222.jpg
1223.jpg,images/1223.jpg
1224.jpg,images/1224.jpg
1225.jpg,images/1225.jpg
1226.jpg,images/1226.jpg
1227.jpg,images/1227.jpg
1228.jpg,images/1228.jpg
1229.jpg,images/1229.jpg
1230.jpg,images/1230.jpg
1231.jpg,images/1231.jpg
1232.jpg,images/1232.jpg
1233.jpg,images/1233.jpg
1234.jpg,images/1234.jpg
1235.jpg,images/1235.jpg
1236.jpg,images/1236.jpg
1237.jpg,images/1237.jpg
1238.jpg,images/1238.jpg
1239.jpg,images/1239.jpg
1240.jpg,images/1240.jpg
1241.jpg,images/1241.jpg
1242.jpg,images/1242.jpg
1243.jpg,images/1243.jpg
1244.jpg,images/1244.jpg
1245.jpg,images/1245.jpg
1246.jpg,images/1246.jpg
1247.jpg,images/1247.jpg
1248.jpg,images/1248.jpg
1249.jpg,images/1249.jpg
1250.jpg,images/1250.jpg
1251.jpg,images/1251.jpg
1252.jpg,images/1252.jpg
1253.jpg,images/1253.jpg
1254.jpg,images/1254.jpg
1255.jpg,images/1255.jpg
1256.jpg,images/1256.jpg
1257.jpg,images/1257.jpg
1258.jpg,images/1258.jpg
1259.jpg,images/1259.jpg
1260.jpg,images/1260.jpg
1261.jpg,images/1261.jpg
1262.jpg,images/1262.jpg
1263.jpg,images/1263.jpg
1264.jpg,images/1264.jpg
1265.jpg,images/1265.jpg
1266.jpg,images/1266.jpg
1267.jpg,images/1267.jpg
1268.jpg,images/1268.jpg
1269.jpg,images/1269.jpg
1270.jpg,images/1270.jpg
1271.jpg,images/1271.jpg
1272.jpg,images/1272.jpg
1273.jpg,images/1273.jpg
1274.jpg,images/1274.jpg
1275.jpg,images/1275.jpg
1276.jpg,images/1276.jpg
1277.jpg,images/1277.jpg
1278.jpg,images/1278.jpg
1279.jpg,images/1279.jpg
1280.jpg,images/1280.jpg
1281.jpg,images/1281.jpg
1282.jpg,images/1282.jpg
1283.jpg,images/1283.jpg
1284.jpg,images/1284.jpg
1285.jpg,images/1285.jpg
1286.jpg,images/1286.jpg
1287.jpg,images/1287.jpg
1288.jpg,images/1288.jpg
1289.jpg,images/1289.jpg
1290.jpg,images/1290.jpg
1291.jpg,images/1291.jpg
1292.jpg,images/1292.jpg
1293.jpg,images/1293.jpg
1294.jpg,images/1294.jpg
1295.jpg,images/1295.jpg
1296.jpg,images/1296.jpg
1297.jpg,images/1297.jpg
1298.jpg,images/1298.jpg
1299.jpg,images/1299.jpg
1300.jpg,images/1300.jpg
1301.jpg,images/1301.jpg
1302.jpg,images/1302.jpg
1303.jpg,images/1303.jpg
1304.jpg,images/1304.jpg
1305.jpg,images/1305.jpg
1306.jpg,images/1306.jpg
1307.jpg,images/1307.jpg
1308.jpg,images/1308.jpg
1309.jpg,images/1309.jpg
1310.jpg,images/1310.jpg
1311.jpg,images/1311.jpg
1312.jpg,images/1312.jpg
1313.jpg,images/1313.jpg
1314.jpg,images/1314.jpg
1315.jpg,images/1315.jpg
1316.jpg,images/1316.jpg
1317.jpg,images/1317.jpg
1318.jpg,images/1318.jpg
1319.jpg,images/1319.jpg
1320.jpg,images/1320.jpg
1321.jpg,images/1321.jpg
1322.jpg,images/1322.jpg
1323.jpg,images/1323.jpg
1324.jpg,images/1324.jpg
1325.jpg,images/1325.jpg
1326.jpg,images/1326.jpg
1327.jpg,images/1327.jpg
1328.jpg,images/1328.jpg
1329.jpg,images/1329.jpg
1330.jpg,images/1330.jpg
1331.jpg,images/1331.jpg
1332.jpg,images/1332.jpg
1333.jpg,images/1333.jpg
1334.jpg,images/1334.jpg
1335.jpg,images/1335.jpg
1336.jpg,images/1336.jpg
1337.jpg,images/1337.jpg
1338.jpg,images/1338.jpg
1339.jpg,images/1339.jpg
1340.jpg,images/1340.jpg
1341.jpg,images/1341.jpg
1342.jpg,images/1342.jpg
1343.jpg,images/1343.jpg
1344.jpg,images/1344.jpg
1345.jpg,images/1345.jpg
1346.jpg,images/1346.jpg
1347.jpg,images/1347.jpg
1348.jpg,images/1348.jpg
1349.jpg,images/1349.jpg
1350.jpg,images/1350.jpg
1351.jpg,images/1351.jpg
1352.jpg,images/1352.jpg
1353.jpg,images/1353.jpg
1354.jpg,images/1354.jpg
1355.jpg,images/1355.jpg
1356.jpg,images/1356.jpg
1357.jpg,images/1357.jpg
1358.jpg,images/1358.jpg
1359.jpg,images/1359.jpg
1360.jpg,images/1360.jpg
1361.jpg,images/1361.jpg
1362.jpg,images/1362.jpg
1363.jpg,images/1363.jpg
1364.jpg,images/1364.jpg
1365.jpg,images/1365.jpg
1366.jpg,images/1366.jpg
1367.jpg,images/1367.jpg
1368.jpg,images/1368.jpg
1369.jpg,images/1369.jpg
1370.jpg,images/1370.jpg
1371.jpg,images/1371.jpg
1372.jpg,images/1372.jpg
1373.jpg,images/1373.jpg
1374.jpg,images/1374.jpg
1375.jpg,images/1375.jpg
1376.jpg,images/1376.jpg
1377.jpg,images/1377.jpg
1378.jpg,images/1378.jpg
1379.jpg,images/1379.jpg
1380.jpg,images/1380.jpg
1381.jpg,images/1381.jpg
1382.jpg,images/1382.jpg
1383.jpg,images/1383.jpg
1384.jpg,images/1384.jpg
1385.jpg,images/1385.jpg
1386.jpg,images/1386.jpg
1387.jpg,images/1387.jpg
1388.jpg,images/1388.jpg
1389.jpg,images/1389.jpg
1390.jpg,images/1390.jpg
1391.jpg,images/1391.jpg
1392.jpg,images/1392.jpg
1393.jpg,images/1393.jpg
1394.jpg,images/1394.jpg
1395.jpg,images/1395.jpg
1396.jpg,images/1396.jpg
1397.jpg,images/1397.jpg
1398.jpg,images/1398.jpg
1399.jpg,images/1399.jpg
1400.jpg,images/1400.jpg
1401.jpg,images/1401.jpg
1402.jpg,images/1402.jpg
1403.jpg,images/1403.jpg
1404.jpg,images/1404.jpg
1405.jpg,images/1405.jpg
1406.jpg,images/1406.jpg
1407.jpg,images/1407.jpg
1408.jpg,images/1408.jpg
1409.jpg,images/1409.jpg
1410.jpg,images/1410.jpg
1411.jpg,images/1411.jpg
1412.jpg,images/1412.jpg
1413.jpg,images/1413.jpg
1414.jpg,images/1414.jpg
1415.jpg,images/1415.jpg
1416.jpg,images/1416.jpg
1417.jpg,images/1417.jpg
1418.jpg,images/1418.jpg
1419.jpg,images/1419.jpg
1420.jpg,images/1420.jpg
1421.jpg,images/1421.jpg
1422.jpg,images/1422.jpg
1423.jpg,images/1423.jpg
1424.jpg,images/1424.jpg
1425.jpg,images/1425.jpg
1426.jpg,images/1426.jpg
1427.jpg,images/1427.jpg
1428.jpg,images/1428.jpg
1429.jpg,images/1429.jpg
1430.jpg,images/1430.jpg
1431.jpg,images/1431.jpg
1432.jpg,images/1432.jpg
1433.jpg,images/1433.jpg
1434.jpg,images/1434.jpg
1435.jpg,images/1435.jpg
1436.jpg,images/1436.jpg
1437.jpg,images/1437.jpg
1438.jpg,images/1438.jpg
1439.jpg,images/1439.jpg
1440.jpg,images/1440.jpg
1441.jpg,images/1441.jpg
1442.jpg,images/1442.jpg
1443.jpg,images/1443.jpg
1444.jpg,images/1444.jpg
1445.jpg,images/1445.jpg
1446.jpg,images/1446.jpg
1447.jpg,images/1447.jpg
1448.jpg,images/1448.jpg
1449.jpg,images/1449.jpg
1450.jpg,images/1450.jpg
1451.jpg,images/1451.jpg
1452.jpg,images/1452.jpg
1453.jpg,images/1453.jpg
1454.jpg,images/1454.jpg
1455.jpg,images/1455.jpg
1456.jpg,images/1456.jpg
1457.jpg,images/1457.jpg
1458.jpg,images/1458.jpg
1459.jpg,images/1459.jpg
1460.jpg,images/1460.jpg
1461.jpg,images/1461.jpg
1462.jpg,images/1462.jpg
1463.jpg,images/1463.jpg
1464.jpg,images/1464.jpg
1465.jpg,images/1465.jpg
1466.jpg,images/1466.jpg
1467.jpg,images/1467.jpg
1468.jpg,images/1468.jpg
1469.jpg,images/1469.jpg
1470.jpg,images/1470.jpg
1471.jpg,images/1471.jpg
1472.jpg,images/1472.jpg
1473.jpg,images/1473.jpg
1474.jpg,images/1474.jpg
1475.jpg,images/1475.jpg
1476.jpg,images/1476.jpg
1477.jpg,images/1477.jpg
1478.jpg,images/1478.jpg
1479.jpg,images/1479.jpg
1480.jpg,images/1480.jpg
1481.jpg,images/1481.jpg
1482.jpg,images/1482.jpg
1483.jpg,images/1483.jpg
1484.jpg,images/1484.jpg
1485.jpg,images/1485.jpg
1486.jpg,images/1486.jpg
1487.jpg,images/1487.jpg
1488.jpg,images/1488.jpg
1489.jpg,images/1489.jpg
1490.jpg,images/1490.jpg
1491.jpg,images/1491.jpg
1492.jpg,images/1492.jpg
1493.jpg,images/1493.jpg
1494.jpg,images/1494.jpg
1495.jpg,images/1495.jpg
1496.jpg,images/1496.jpg
1497.jpg,images/1497.jpg
1498.jpg,images/1498.jpg
1499.jpg,images/1499.jpg
1500.jpg,images/1500.jpg
1501.jpg,images/1501.jpg
1502.jpg,images/1502.jpg
1503.jpg,images/1503.jpg
1504.jpg,images/1504.jpg
1505.jpg,images/1505.jpg
1506.jpg,images/1506.jpg
1507.jpg,images/1507.jpg
1508.jpg,images/1508.jpg
1509.jpg,images/1509.jpg
1510.jpg,images/1510.jpg
1511.jpg,images/1511.jpg
1512.jpg,images/1512.jpg
1513.jpg,images/1513.jpg
1514.jpg,images/1514.jpg
1515.jpg,images/1515.jpg
1516.jpg,images/1516.jpg
1517.jpg,images/1517.jpg
1518.jpg,images/1518.jpg
1519.jpg,images/1519.jpg
1520.jpg,images/1520.jpg
1521.jpg,images/1521.jpg
1522.jpg,images/1522.jpg
1523.jpg,images/1523.jpg
1524.jpg,images/1524.jpg
1525.jpg,images/1525.jpg
1526.jpg,images/1526.jpg
1527.jpg,images/1527.jpg
1528.jpg,images/1528.jpg
1529.jpg,images/1529.jpg
1530.jpg,images/1530.jpg
1531.jpg,images/1531.jpg
1532.jpg,images/1532.jpg
1533.jpg,images/1533.jpg
1534.jpg,images/1534.jpg
1535.jpg,images/1535.jpg
1536.jpg,images/1536.jpg
1537.jpg,images/1537.jpg
1538.jpg,images/1538.jpg
1539.jpg,images/1539.jpg
1540.jpg,images/1540.jpg
1541.jpg,images/1541.jpg
1542.jpg,images/1542.jpg
1543.jpg,images/1543.jpg
1544.jpg,images/1544.jpg
1545.jpg,images/1545.jpg
1546.jpg,images/1546.jpg
1547.jpg,images/1547.jpg
1548.jpg,images/1548.jpg
1549.jpg,images/1549.jpg
1550.jpg,images/1550.jpg
1551.jpg,images/1551.jpg
1552.jpg,images/1552.jpg
1553.jpg,images/1553.jpg
1554.jpg,images/1554.jpg
1555.jpg,images/1555.jpg
1556.jpg,images/1556.jpg
1557.jpg,images/1557.jpg
1558.jpg,images/1558.jpg
1559.jpg,images/1559.jpg
1560.jpg,images/1560.jpg
1561.jpg,images/1561.jpg
1562.jpg,images/1562.jpg
1563.jpg,images/1563.jpg
1564.jpg,images/1564.jpg
1565.jpg,images/1565.jpg
1566.jpg,images/1566.jpg
1567.jpg,images/1567.jpg
1568.jpg,images/1568.jpg
1569.jpg,images/1569.jpg
1570.jpg,images/1570.jpg
1571.jpg,images/1571.jpg
1572.jpg,images/1572.jpg
1573.jpg,images/1573.jpg
1574.jpg,images/1574.jpg
1575.jpg,images/1575.jpg
1576.jpg,images/1576.jpg
1577.jpg,images/1577.jpg
1578.jpg,images/1578.jpg
1579.jpg,images/1579.jpg
1580.jpg,images/1580.jpg
1581.jpg,images/1581.jpg
1582.jpg,images/1582.jpg
1583.jpg,images/1583.jpg
1584.jpg,images/1584.jpg
1585.jpg,images/1585.jpg
1586.jpg,images/1586.jpg
1587.jpg,images/1587.jpg
1588.jpg,images/1588.jpg
1589.jpg,images/1589.jpg
1590.jpg,images/1590.jpg
1591.jpg,images/1591.jpg
1592.jpg,images/1592.jpg
1593.jpg,images/1593.jpg
1594.jpg,images/1594.jpg
1595.jpg,images/1595.jpg
1596.jpg,images/1596.jpg
1597.jpg,images/1597.jpg
1598.jpg,images/1598.jpg
1599.jpg,images/1599.jpg
1600.jpg,images/1600.jpg
1601.jpg,images/1601.jpg
1602.jpg,images/1602.jpg
1603.jpg,images/1603.jpg
1604.jpg,images/1604.jpg
1605.jpg,images/1605.jpg
1606.jpg,images/1606.jpg
1607.jpg,images/1607.jpg
1608.jpg,images/1608.jpg
1609.jpg,images/1609.jpg
1610.jpg,images/1610.jpg
1611.jpg,images/1611.jpg
1612.jpg,images/1612.jpg
1613.jpg,images/1613.jpg
1614.jpg,images/1614.jpg
1615.jpg,images/1615.jpg
1616.jpg,images/1616.jpg
1617.jpg,images/1617.jpg
1618.jpg,images/1618.jpg
1619.jpg,images/1619.jpg
1620.jpg,images/1620.jpg
1621.jpg,images/1621.jpg
1622.jpg,images/1622.jpg
1623.jpg,images/1623.jpg
1624.jpg,images/1624.jpg
1625.jpg,images/1625.jpg
1626.jpg,images/1626.jpg
1627.jpg,images/1627.jpg
1628.jpg,images/1628.jpg
1629.jpg,images/1629.jpg
1630.jpg,images/1630.jpg
1631.jpg,images/1631.jpg
1632.jpg,images/1632.jpg
1633.jpg,images/1633.jpg
1634.jpg,images/1634.jpg
1635.jpg,images/1635.jpg
1636.jpg,images/1636.jpg
1637.jpg,images/1637.jpg
1638.jpg,images/1638.jpg
1639.jpg,images/1639.jpg
1640.jpg,images/1640.jpg
1641.jpg,images/1641.jpg
1642.jpg,images/1642.jpg
1643.jpg,images/1643.jpg
1644.jpg,images/1644.jpg
1645.jpg,images/1645.jpg
1646.jpg,images/1646.jpg
1647.jpg,images/1647.jpg
1648.jpg,images/1648.jpg
1649.jpg,images/1649.jpg
1650.jpg,images/1650.jpg
1651.jpg,images/1651.jpg
1652.jpg,images/1652.jpg
1653.jpg,images/1653.jpg
1654.jpg,images/1654.jpg
1655.jpg,images/1655.jpg
1656.jpg,images/1656.jpg
1657.jpg,images/1657.jpg
1658.jpg,images/1658.jpg
1659.jpg,images/1659.jpg
1660.jpg,images/1660.jpg
1661.jpg,images/1661.jpg
1662.jpg,images/1662.jpg
1663.jpg,images/1663.jpg
1664.jpg,images/1664.jpg
1665.jpg,images/1665.jpg
1666.jpg,images/1666.jpg
1667.jpg,images/1667.jpg
1668.jpg,images/1668.jpg
1669.jpg,images/1669.jpg
1670.jpg,images/1670.jpg
1671.jpg,images/1671.jpg
1672.jpg,images/1672.jpg
1673.jpg,images/1673.jpg
1674.jpg,images/1674.jpg
1675.jpg,images/1675.jpg
1676.jpg,images/1676.jpg
1677.jpg,images/1677.jpg
1678.jpg,images/1678.jpg
1679.jpg,images/1679.jpg
1680.jpg,images/1680.jpg
1681.jpg,images/1681.jpg
1682.jpg,images/1682.jpg
1683.jpg,images/1683.jpg
1684.jpg,images/1684.jpg
1685.jpg,images/1685.jpg
1686.jpg,images/1686.jpg
1687.jpg,images/1687.jpg
1688.jpg,images/1688.jpg
1689.jpg,images/1689.jpg
1690.jpg,images/1690.jpg
1691.jpg,images/1691.jpg
1692.jpg,images/1692.jpg
1693.jpg,images/1693.jpg
1694.jpg,images/1694.jpg
1695.jpg,images/1695.jpg
1696.jpg,images/1696.jpg
1697.jpg,images/1697.jpg
1698.jpg,images/1698.jpg
1699.jpg,images/1699.jpg
1700.jpg,images/1700.jpg
1701.jpg,images/1701.jpg
1702.jpg,images/1702.jpg
1703.jpg,images/1703.jpg
1704.jpg,images/1704.jpg
1705.jpg,images/1705.jpg
1706.jpg,images/1706.jpg
1707.jpg,images/1707.jpg
1708.jpg,images/1708.jpg
1709.jpg,images/1709.jpg
1710.jpg,images/1710.jpg
1711.jpg,images/1711.jpg
1712.jpg,images/1712.jpg
1713.jpg,images/1713.jpg
1714.jpg,images/1714.jpg
1715.jpg,images/1715.jpg
1716.jpg,images/1716.jpg
1717.jpg,images/1717.jpg
1718.jpg,images/1718.jpg
1719.jpg,images/1719.jpg
1720.jpg,images/1720.jpg
1721.jpg,images/1721.jpg
1722.jpg,images/1722.jpg
1723.jpg,images/1723.jpg
1724.jpg,images/1724.jpg
1725.jpg,images/1725.jpg
1726.jpg,images/1726.jpg
1727.jpg,images/1727.jpg
1728.jpg,images/1728.jpg
1729.jpg,images/1729.jpg
1730.jpg,images/1730.jpg
1731.jpg,images/1731.jpg
1732.jpg,images/1732.jpg
1733.jpg,images/1733.jpg
1734.jpg,images/1734.jpg
1735.jpg,images/1735.jpg
1736.jpg,images/1736.jpg
1737.jpg,images/1737.jpg
1738.jpg,images/1738.jpg
1739.jpg,images/1739.jpg
1740.jpg,images/1740.jpg
1741.jpg,images/1741.jpg
1742.jpg,images/1742.jpg
1743.jpg,images/1743.jpg
1744.jpg,images/1744.jpg
1745.jpg,images/1745.jpg
1746.jpg,images/1746.jpg
1747.jpg,images/1747.jpg
1748.jpg,images/1748.jpg
1749.jpg,images/1749.jpg
1750.jpg,images/1750.jpg
1751.jpg,images/1751.jpg
1752.jpg,images/1752.jpg
1753.jpg,images/1753.jpg
1754.jpg,images/1754.jpg
1755.jpg,images/1755.jpg
1756.jpg,images/1756.jpg
1757.jpg,images/1757.jpg
1758.jpg,images/1758.jpg
1759.jpg,images/1759.jpg
1760.jpg,images/1760.jpg
1761.jpg,images/1761.jpg
1762.jpg,images/1762.jpg
1763.jpg,images/1763.jpg
1764.jpg,images/1764.jpg
1765.jpg,images/1765.jpg
1766.jpg,images/1766.jpg
1767.jpg,images/1767.jpg
1768.jpg,images/1768.jpg
1769.jpg,images/1769.jpg
1770.jpg,images/1770.jpg
1771.jpg,images/1771.jpg
1772.jpg,images/1772.jpg
1773.jpg,images/1773.jpg
1774.jpg,images/1774.jpg
1775.jpg,images/1775.jpg
1776.jpg,images/1776.jpg
1777.jpg,images/1777.jpg
1778.jpg,images/1778.jpg
1779.jpg,images/1779.jpg
1780.jpg,images/1780.jpg
1781.jpg,images/1781.jpg
1782.jpg,images/1782.jpg
1783.jpg,images/1783.jpg
1784.jpg,images/1784.jpg
1785.jpg,images/1785.jpg
1786.jpg,images/1786.jpg
1787.jpg,images/1787.jpg
1788.jpg,images/1788.jpg
1789.jpg,images/1789.jpg
1790.jpg,images/1790.jpg
1791.jpg,images/1791.jpg
1792.jpg,images/1792.jpg
1793.jpg,images/1793.jpg
1794.jpg,images/1794.jpg
1795.jpg,images/1795.jpg
1796.jpg,images/1796.jpg
1797.jpg,images/1797.jpg
1798.jpg,images/1798.jpg
1799.jpg,images/1799.jpg
1800.jpg,images/1800.jpg
1801.jpg,images/1801.jpg
1802.jpg,images/1802.jpg
1803.jpg,images/1803.jpg
1804.jpg,images/1804.jpg
1805.jpg,images/1805.jpg
1806.jpg,images/1806.jpg
1807.jpg,images/1807.jpg
1808.jpg,images/1808.jpg
1809.jpg,images/1809.jpg
1810.jpg,images/1810.jpg
1811.jpg,images/1811.jpg
1812.jpg,images/1812.jpg
1813.jpg,images/1813.jpg
1814.jpg,images/1814.jpg
1815.jpg,images/1815.jpg
1816.jpg,images/1816.jpg
1817.jpg,images/1817.jpg
1818.jpg,images/1818.jpg
1819.jpg,images/1819.jpg
1820.jpg,images/1820.jpg
1821.jpg,images/1821.jpg
1822.jpg,images/1822.jpg
1823.jpg,images/1823.jpg
1824.jpg,images/1824.jpg
1825.jpg,images/1825.jpg
1826.jpg,images/1826.jpg
1827.jpg,images/1827.jpg
1828.jpg,images/1828.jpg
1829.jpg,images/1829.jpg
1830.jpg,images/1830.jpg
1831.jpg,images/1831.jpg
1832.jpg,images/1832.jpg
1833.jpg,images/1833.jpg
1834.jpg,images/1834.jpg
1835.jpg,images/1835.jpg
1836.jpg,images/1836.jpg
1837.jpg,images/1837.jpg
1838.jpg,images/1838.jpg
1839.jpg,images/1839.jpg
1840.jpg,images/1840.jpg
1841.jpg,images/1841.jpg
1842.jpg,images/1842.jpg
1843.jpg,images/1843.jpg
1844.jpg,images/1844.jpg
1845.jpg,images/1845.jpg
1846.jpg,images/1846.jpg
1847.jpg,images/1847.jpg
1848.jpg,images/1848.jpg
1849.jpg,images/1849.jpg
1850.jpg,images/1850.jpg
1851.jpg,images/1851.jpg
1852.jpg,images/1852.jpg
1853.jpg,images/1853.jpg
1854.jpg,images/1854.jpg
1855.jpg,images/1855.jpg
1856.jpg,images/1856.jpg
1857.jpg,images/1857.jpg
1858.jpg,images/1858.jpg
1859.jpg,images/1859.jpg
1860.jpg,images/1860.jpg
1861.jpg,images/1861.jpg
1862.jpg,images/1862.jpg
1863.jpg,images/1863.jpg
1864.jpg,images/1864.jpg
1865.jpg,images/1865.jpg
1866.jpg,images/1866.jpg
1867.jpg,images/1867.jpg
1868.jpg,images/1868.jpg
1869.jpg,images/1869.jpg
